patient_id,age,gender,bmi,overall_risk,overall_level,糖尿病_risk,抑郁症_risk,焦虑症_risk,高血压_risk,阿尔茨海默病_risk,心律不齐_risk,慢性肾病_risk,脑卒中_risk,糖尿病_level,抑郁症_level,焦虑症_level,高血压_level,阿尔茨海默病_level,心律不齐_level,慢性肾病_level,脑卒中_level
P0001,70,女,33.9,49.925388772295925,高风险,59.81465612265747,81.71144421340517,34.575175393468264,59.92037267863137,37.71821999893713,15.790618653193576,22.186207027748573,58.61151569349674,高风险,极高风险,中风险,高风险,中风险,低风险,低风险,高风险
P0002,62,男,29.2,39.53219059548509,中风险,32.46256201597129,56.729392575736135,4.489338674711587,46.922338483571515,30.401840389639688,31.652886769202063,44.94712669741527,49.28995611746073,中风险,高风险,低风险,高风险,中风险,中风险,中风险,高风险
P0003,33,男,21.5,56.25882282474337,高风险,30.22370820566272,14.300148849758212,71.14954651156039,88.17399072511395,27.336117605851346,51.65025051201143,43.322866363713274,76.36032352451988,中风险,低风险,极高风险,极高风险,低风险,高风险,中风险,极高风险
P0004,31,女,26.6,46.667071502629504,高风险,40.24858609984507,15.244162076194005,2.9293421360837346,45.727690006705636,45.28124569467068,24.357230340563714,43.467391528433055,91.62702077514366,中风险,低风险,低风险,高风险,高风险,低风险,中风险,极高风险
P0005,76,男,32.7,48.32694995549106,高风险,47.82140680579501,48.36330788747368,30.298754869764835,44.024327764809506,51.13812380415298,58.905701274879,48.89630285507978,53.38710756389201,高风险,高风险,中风险,中风险,高风险,高风险,高风险,高风险
P0006,25,男,27.8,39.66887240439188,中风险,49.7491422480535,39.99974761908628,31.00156974982122,26.696711267328485,53.54056736817842,8.116384628323935,26.989816806556014,59.65685651318766,高风险,中风险,中风险,低风险,高风险,低风险,低风险,高风险
P0007,35,女,27.5,33.24129673564025,中风险,14.289325937634338,72.6250849139131,65.18251846621457,16.65363409699352,48.56805351930424,50.459487272425385,56.97438147950365,6.589211365100729,低风险,极高风险,极高风险,低风险,高风险,高风险,高风险,低风险
P0008,49,男,23.2,60.7644697917922,极高风险,98.06763223409664,56.551778833235154,42.63399044496677,45.38187257386451,81.9054798453785,52.95559065785417,47.3650494797819,60.80451654698122,极高风险,高风险,中风险,高风险,极高风险,高风险,高风险,极高风险
P0009,79,女,23.0,51.65448653221121,高风险,12.817798832158179,33.58553917845958,74.6643830432009,6.82588142491184,36.93950001021247,74.50012070588741,47.68239199431432,95.27086400381543,低风险,中风险,极高风险,低风险,中风险,极高风险,高风险,极高风险
P0010,81,女,24.5,55.867831292945056,高风险,63.651696687410116,47.36893900153271,91.70265869833645,42.39722519020454,19.897464303579156,61.70724212234908,47.02334313403873,56.74160600199281,极高风险,高风险,极高风险,中风险,低风险,极高风险,高风险,高风险
P0011,38,男,33.9,43.53662852839266,中风险,38.18663057873652,87.52386558850604,80.43360996154863,28.598687059463963,92.64378510868485,48.124342981592726,7.68833991777536,26.038503129144278,中风险,极高风险,极高风险,低风险,极高风险,高风险,低风险,低风险
P0012,70,女,22.4,58.79508638015072,高风险,57.674345840260344,44.86858934536626,49.30831618786229,45.93922513347695,69.98449977183061,22.288182318398295,49.72314930289972,92.54000812018374,高风险,中风险,高风险,高风险,极高风险,低风险,高风险,极高风险
P0013,52,女,29.0,42.28075364958041,中风险,38.76287309751777,32.13756057848519,53.77802857035048,47.489050203381005,3.763254661860654,8.165181172609458,76.62452388263881,48.337092003776675,中风险,中风险,高风险,高风险,低风险,低风险,极高风险,高风险
P0014,57,女,27.7,54.71932376099623,高风险,97.13693839051496,42.082003618881075,70.55180662127691,45.89480649394582,61.27013891602089,50.33148086535748,1.1725217371709973,55.149095193029694,极高风险,中风险,极高风险,高风险,极高风险,高风险,低风险,高风险
P0015,76,女,20.8,43.06945029932969,中风险,8.642468162303395,51.2654532925673,33.62037489225407,56.75876668177903,91.15685596835111,68.1759780525766,46.26443496566413,35.075192615974224,低风险,高风险,中风险,高风险,极高风险,极高风险,高风险,中风险
P0016,74,女,18.5,44.43776289034341,中风险,19.51801845320951,57.02708561716026,35.17459864608893,57.60329111507881,97.44685158366964,54.94819631784284,36.00640356027814,38.72638184711863,低风险,高风险,中风险,高风险,极高风险,高风险,中风险,中风险
P0017,49,男,29.9,41.73633336170829,中风险,32.22563971888617,8.900951452317061,79.48843886559463,57.5959878919394,9.545834049921888,37.81246401566916,27.929955616059765,49.490466090497186,中风险,低风险,极高风险,高风险,低风险,中风险,低风险,高风险
P0018,50,女,27.0,49.3911146254223,高风险,22.38760415636658,88.80903295840474,56.85762239091413,41.42826448577292,21.10703506997905,12.791223503101266,10.436605715883843,87.49573647508808,低风险,极高风险,高风险,中风险,低风险,低风险,低风险,极高风险
P0019,73,男,34.8,46.68033999722183,高风险,64.53825429131219,34.364339783279284,46.21463644939634,45.94679540176561,42.78966333622539,92.71391247711992,26.02566831454892,32.144974696057766,极高风险,中风险,高风险,高风险,中风险,极高风险,低风险,中风险
P0020,53,女,33.8,38.13400411265719,中风险,39.43593622292012,64.72872655344887,30.145867213185227,33.0109747008535,55.035001749836624,9.964194334183688,45.647200849448744,37.86647396629064,中风险,极高风险,中风险,中风险,高风险,低风险,高风险,中风险
P0021,38,女,24.2,57.663807414502564,高风险,44.04287438469121,54.541265572766534,41.94668403126474,77.85038877175683,19.121264255920966,54.96505242405915,90.44421870492101,56.93613061975268,中风险,高风险,中风险,极高风险,低风险,高风险,极高风险,高风险
P0022,34,男,24.8,39.598261638429825,中风险,50.241782873860686,50.6836540716119,36.922278006359406,29.858262820677705,46.74394427383997,20.27991431035615,35.600118930440146,43.589844154721234,高风险,高风险,中风险,低风险,高风险,低风险,中风险,中风险
P0023,78,女,27.9,67.78749665697197,极高风险,72.23030386761874,46.57298426326498,93.91667728189428,54.53491194974878,12.278087010111406,44.51225819548169,70.2394830922818,90.538678602276,极高风险,高风险,极高风险,高风险,低风险,中风险,极高风险,极高风险
P0024,47,女,22.0,62.7473286941328,极高风险,42.206690995600226,91.32516027849937,78.44179685508476,42.89931799284909,6.925072813014581,79.00618237724453,37.37724869501307,84.08053953852198,中风险,极高风险,极高风险,中风险,低风险,极高风险,中风险,极高风险
P0025,47,女,26.7,41.1088616145744,中风险,55.8788447800607,40.763839925899454,36.749838983473786,0.14601919399941377,86.94567725014292,46.583415880509946,27.48977605036901,52.79664428773207,高风险,中风险,中风险,低风险,极高风险,高风险,低风险,高风险
P0026,35,女,34.7,31.638813357618297,中风险,13.906574359481343,40.35500639382468,10.93802167835413,56.599606665171656,5.120311862843861,31.81458466582986,43.79802686339328,32.46522660255184,低风险,中风险,低风险,高风险,低风险,中风险,中风险,中风险
P0027,62,男,23.7,39.13569972343103,中风险,13.58765031019984,56.62865736230165,50.810716621582046,47.555178164854375,4.044238857644277,34.4431467999831,47.65215777907168,43.23438261198735,低风险,高风险,高风险,高风险,低风险,中风险,高风险,中风险
P0028,67,女,32.9,51.859052618348805,高风险,53.253539516554795,50.323529492754034,53.32998980244018,94.90365698920073,25.416700951623366,24.237053465102775,43.890483797125036,44.74612975664842,高风险,高风险,高风险,极高风险,低风险,低风险,中风险,中风险
P0029,76,女,29.5,50.204991130488466,高风险,83.54381479303242,41.979865948307996,57.000331354635456,46.375359357163084,1.2807931259973804,4.770452507238467,41.74617554140573,64.41357126600201,极高风险,中风险,高风险,高风险,低风险,低风险,中风险,极高风险
P0030,61,男,24.8,47.69532339658163,高风险,37.2899285738183,22.587195844001418,34.96267620599494,62.59333652999412,48.40272746887351,3.4533930798621593,32.443904590764475,83.79192114201516,中风险,低风险,中风险,极高风险,高风险,低风险,中风险,极高风险
P0031,80,女,22.9,50.07460486088168,高风险,32.30493123491381,55.1984195515761,78.98432645706137,38.353960923106214,10.724554698697936,45.50860136187624,58.25300083691097,60.58043392600524,中风险,高风险,极高风险,中风险,低风险,高风险,高风险,极高风险
P0032,40,女,33.9,51.104534921259294,高风险,96.49205455457296,40.28597174438237,55.479447539593735,60.8808367150447,56.12490492054965,29.298940778036947,39.79879664551225,32.824161256146525,极高风险,中风险,高风险,极高风险,高风险,低风险,中风险,中风险
P0033,61,男,28.5,55.527579697006544,高风险,55.02627964744417,43.7922905443843,42.528215127103245,32.07199401400003,23.6710040604421,7.8154343159580595,88.38985214905512,92.10683692447094,高风险,中风险,中风险,中风险,低风险,低风险,极高风险,极高风险
P0034,63,男,22.8,24.02314963238783,低风险,22.321391635060078,14.467458310018449,28.441355513936692,43.56976880266845,25.752351714582904,29.732500520381343,11.959243097339474,17.567208947327245,低风险,低风险,低风险,中风险,低风险,低风险,低风险,低风险
P0035,61,女,29.1,40.87428317907049,中风险,44.47470646886816,36.15779559395867,45.95266494748422,31.185252361890853,52.634171432107024,31.804563033581527,19.524540002824047,54.19849770026575,中风险,中风险,高风险,中风险,高风险,中风险,低风险,高风险
P0036,35,女,25.8,36.431946433972406,中风险,56.95273549730504,59.5728795680966,27.927392468838452,28.33921751800667,84.45809556154984,35.31687050371341,28.591319559641885,17.097609974276498,高风险,高风险,低风险,低风险,极高风险,中风险,低风险,低风险
P0037,41,女,33.2,44.918956460938674,中风险,55.49194422712901,32.08249388466554,96.34598121727633,7.330542052440099,47.12674181439306,6.930346625060321,50.565245927892384,58.18735865117677,高风险,中风险,极高风险,低风险,高风险,低风险,高风险,高风险
P0038,39,女,32.7,31.234457346721378,中风险,40.45468377589213,0.22329879385674878,5.726500949235389,57.54246823716569,30.353892434262892,52.850659334525055,6.293820436660899,34.031047886487,中风险,低风险,低风险,高风险,中风险,高风险,低风险,中风险
P0039,67,女,34.1,53.7746902276011,高风险,81.52174521456631,35.5487821123233,35.12901451002075,58.289693104740834,40.829989467470824,26.064713463504557,31.538039027636632,71.73368037993184,极高风险,中风险,中风险,高风险,中风险,低风险,中风险,极高风险
P0040,39,男,25.3,38.8692633600383,中风险,56.98934232832227,39.114498094995746,13.548929305759781,48.378369007039,18.430283273114522,4.471360213368371,0.01894460097926043,65.70887709827228,高风险,中风险,低风险,高风险,低风险,低风险,低风险,极高风险
P0041,63,男,25.4,47.74887572973506,高风险,40.93497812616854,30.134189963205547,72.0647756148225,39.1387348236763,4.549007319217201,19.29923945058918,42.41059952939002,76.47795186198701,中风险,中风险,极高风险,中风险,低风险,低风险,中风险,极高风险
P0042,27,男,19.4,49.73845147031682,高风险,55.02567900243983,47.219028550074185,40.31480291547136,1.7189868495859828,54.1203908254566,59.413001437811815,86.16756133092079,60.8371705112492,高风险,高风险,中风险,低风险,高风险,高风险,极高风险,极高风险
P0043,42,女,28.6,43.868910247709444,中风险,25.029146191522692,59.83228963984864,76.59368847798945,12.736734395031144,60.20094932133543,30.476194490313418,54.851059276461896,52.074630020793016,低风险,高风险,极高风险,低风险,极高风险,中风险,高风险,高风险
P0044,76,男,27.2,47.03198205419808,高风险,0.7194491909683554,44.809377926906144,34.618918652807636,61.78519670765897,51.83947612402551,86.87847191702414,52.339760075222586,52.79863402402663,低风险,中风险,中风险,极高风险,高风险,极高风险,高风险,高风险
P0045,28,男,28.2,67.99603544547635,极高风险,79.1077913118518,46.36532042092316,90.36249598700414,99.02717744494839,47.10166442192903,25.13043598752361,43.939206143653735,73.36384422779761,极高风险,高风险,极高风险,极高风险,高风险,低风险,中风险,极高风险
P0046,30,女,30.4,59.45495559037637,高风险,66.2637159901298,46.164913354670745,86.43691257177204,66.58287267450139,31.736447824232812,85.58157358183337,46.752559002134305,45.79019619371602,极高风险,高风险,极高风险,极高风险,中风险,极高风险,高风险,高风险
P0047,53,女,21.8,65.74850663614097,极高风险,91.47601426597322,83.8244856840188,71.0795324404462,51.03181972396347,4.990020421126406,96.32092698623703,3.05298497905783,74.78015003047268,极高风险,极高风险,极高风险,高风险,低风险,极高风险,低风险,极高风险
P0048,77,女,20.5,49.675315595647525,高风险,51.96033118975325,57.97653605822855,69.70442415702125,51.824255702016316,89.11755942234613,57.79351425550127,34.103347240879934,30.775869678406742,高风险,高风险,极高风险,高风险,极高风险,高风险,中风险,中风险
P0049,85,女,20.2,58.866720066977656,高风险,48.00150575738637,53.46717726203505,37.07326140940119,99.97122781096384,7.680920214380333,98.17272763524323,46.522554521702965,51.05276775267147,高风险,高风险,中风险,极高风险,低风险,极高风险,高风险,高风险
P0050,43,男,21.0,35.85988555751646,中风险,28.760646206437936,36.90969872144835,22.779142061879956,56.88494960696805,28.870701680968914,7.15905050591608,2.159624501138241,58.67503808967544,低风险,中风险,低风险,高风险,低风险,低风险,低风险,高风险
P0051,60,女,33.3,42.58281263355175,中风险,84.9227082016156,15.491739667645042,51.065025461117735,39.80118892542083,43.68856922921014,59.3972734565644,52.38545083400487,15.423402644410274,极高风险,低风险,高风险,中风险,中风险,高风险,高风险,低风险
P0052,29,男,30.2,47.450899803493954,高风险,66.6640476055762,52.61248782884109,44.78212280437715,59.083545710669085,38.48617054535367,24.56750060958548,35.148063005253206,43.81373941593514,极高风险,高风险,中风险,高风险,中风险,低风险,中风险,中风险
P0053,63,男,26.4,36.399287798310866,中风险,51.74380935182041,33.50831595321531,63.64313358289298,12.730498907433534,56.40848751111996,67.37401341712945,49.77853674733855,9.909268855236585,高风险,中风险,极高风险,低风险,高风险,极高风险,高风险,低风险
P0054,40,女,22.3,57.661008384577535,高风险,46.82301359325254,45.227576798268494,49.1222716377605,69.0680774433544,31.907281661884213,50.67799552591589,66.61367376160752,70.07131549454817,高风险,高风险,高风险,极高风险,中风险,高风险,极高风险,极高风险
P0055,74,女,25.2,37.46819776312182,中风险,1.171866072221377,53.28332167663703,2.720930688018459,34.951125128037155,92.36219368614907,84.89445382434398,51.493907715148424,32.769512033443206,低风险,高风险,低风险,中风险,极高风险,极高风险,高风险,中风险
P0056,51,男,32.4,54.267275307498274,高风险,39.41912438539715,70.06465065877572,53.62859007810191,55.97045855290415,45.656368527957376,4.779662124552803,35.77716087200071,85.00405226804838,中风险,极高风险,高风险,高风险,高风险,低风险,中风险,极高风险
P0057,76,女,24.7,45.24986875778826,高风险,34.24114288827479,54.41967911204661,64.49587940381139,36.12236020897659,7.567063322154702,13.770442729373297,39.22562068272206,68.50331173718993,中风险,高风险,极高风险,中风险,低风险,低风险,中风险,极高风险
P0058,81,女,28.9,31.963032258441597,中风险,25.530333152119976,97.25048913822094,11.374244424988882,11.043309623195146,0.8969112787890132,5.296069647021543,21.905147492243735,51.39818083182947,低风险,极高风险,低风险,低风险,低风险,低风险,低风险,高风险
P0059,82,女,19.2,56.51732822734875,高风险,71.45617510284711,66.29313866616529,53.91621271432588,92.75778126823147,46.60379583114379,0.3658255618843975,31.82665089300342,57.2594487863675,极高风险,极高风险,高风险,极高风险,高风险,低风险,中风险,高风险
P0060,34,女,22.7,45.95040945087446,高风险,38.544418349756924,0.052647035290410704,44.417841579113045,78.34822104973178,40.278233179598985,81.50936994795592,45.61058626843109,36.97422959556864,中风险,低风险,中风险,极高风险,中风险,极高风险,高风险,中风险
P0061,78,男,32.6,36.283414123964505,中风险,43.55186319997854,26.105438180115616,2.448997402132056,50.72957468818494,2.1265955341261087,64.58374881777303,46.072535603552126,32.45518665470558,中风险,低风险,低风险,高风险,低风险,极高风险,高风险,中风险
P0062,49,女,33.2,39.58518199986644,中风险,59.086550436009,30.274356336714167,63.139806288079654,9.638093109385373,82.11421004412256,39.56483677911588,39.55346116066037,31.67011563757659,高风险,中风险,极高风险,低风险,极高风险,中风险,中风险,中风险
P0063,41,女,19.1,46.415171337228074,高风险,44.46125655705552,74.61668702150382,57.567542740543836,69.14327008935145,32.68479765117802,89.35183979736524,50.174281174974766,2.276869537077447,中风险,极高风险,高风险,极高风险,中风险,极高风险,高风险,低风险
P0064,69,女,32.1,52.5214260454461,高风险,14.965931219851347,35.71118297941145,75.08128800050804,94.31501425944572,25.69823143889909,57.10079808756499,41.50618199109593,55.61771018299417,低风险,中风险,极高风险,极高风险,低风险,高风险,中风险,高风险
P0065,41,男,31.1,40.41877691435795,中风险,47.19448894702947,53.98084056303941,34.85832760039547,40.12570875781615,55.272400568836574,40.2613353177339,8.548991183074039,43.16871105505997,高风险,高风险,中风险,中风险,高风险,中风险,低风险,中风险
P0066,84,男,27.8,62.79483782274766,极高风险,96.5165253779785,94.3942506327158,37.12488871931715,75.19597994191761,41.74780124794441,98.68325580812387,97.9897400705846,8.525433757167521,极高风险,极高风险,中风险,极高风险,中风险,极高风险,极高风险,低风险
P0067,50,女,23.7,36.989523477558926,中风险,85.85760930357459,8.573893623858776,2.436563897113442,35.73528019769884,43.36481051009196,43.96018652110688,13.296402131032538,39.02257963820859,极高风险,低风险,低风险,中风险,中风险,中风险,低风险,中风险
P0068,59,男,33.6,41.71194553512111,中风险,3.8296211509514624,52.39705012703413,49.020647115871974,30.012062589480674,58.32527889172028,91.07912946672361,28.62569789678407,46.428706275315584,低风险,高风险,高风险,中风险,高风险,极高风险,低风险,高风险
P0069,37,女,27.5,46.48249566379702,高风险,66.2122130911045,42.356267777344215,41.168598099910106,31.436163600574215,11.470899677191142,13.55451016823564,6.390274050596615,83.65891666630799,极高风险,中风险,中风险,中风险,低风险,低风险,低风险,极高风险
P0070,70,女,19.1,28.32736189268753,低风险,11.970009529410255,2.43066852172928,16.369832191224486,54.14762492199199,5.155045601105614,33.2910612403526,24.367165417014768,42.024366831559206,低风险,低风险,低风险,高风险,低风险,中风险,低风险,中风险
P0071,52,女,31.7,35.22952288721771,中风险,8.47304496350297,98.93293513835773,5.655706609596045,21.705296054536102,50.58978843974218,15.174945760022698,31.762319580985146,52.08276641451431,低风险,极高风险,低风险,低风险,高风险,低风险,中风险,高风险
P0072,67,女,27.6,41.08362660289723,中风险,58.04796374281074,46.98830386986513,38.41296673246316,17.071684895960296,46.24399099301556,83.45300488346057,0.038567236301668695,42.456781940886984,高风险,高风险,中风险,低风险,高风险,极高风险,低风险,中风险
P0073,43,女,19.6,31.745728703462984,中风险,34.914148961134444,23.892990948329487,43.58173649465719,10.781887898960253,41.689460445772404,11.955441893031965,66.12064237494025,33.00707592425708,中风险,低风险,中风险,低风险,中风险,低风险,极高风险,中风险
P0074,78,女,30.4,52.06629868946119,高风险,49.64599128393061,85.49947339319301,9.621706208528126,66.28508588786625,76.43643100493584,21.721967615617828,78.02543656940063,45.471828739083655,高风险,极高风险,低风险,极高风险,极高风险,低风险,极高风险,高风险
P0075,85,男,21.6,55.87505312804922,高风险,16.843083452618227,87.794352564546,37.67461314208009,88.82237514870069,85.76152877486227,55.89298199409095,54.657848078775714,48.54071328463596,低风险,极高风险,中风险,极高风险,极高风险,高风险,高风险,高风险
P0076,37,女,24.7,51.82566908287925,高风险,41.11419047074966,60.105030872506916,44.72933329629945,71.98743726841234,30.679154926599857,12.302983299611329,36.48959349656061,71.85509231670851,中风险,极高风险,中风险,极高风险,中风险,低风险,中风险,极高风险
P0077,53,男,20.9,55.36376506968659,高风险,38.53352198872794,79.00444771791204,35.41723918420754,74.38135576250703,60.845498572246825,18.257990059021957,82.30064429671924,55.54490541041172,中风险,极高风险,中风险,极高风险,极高风险,低风险,极高风险,高风险
P0078,55,女,28.2,54.08410789966084,高风险,52.4979258030404,46.0222281650713,28.562447313062798,33.54613859283844,49.983503840747076,74.8739069108152,48.577014997597374,75.49905323834798,高风险,高风险,低风险,中风险,高风险,极高风险,高风险,极高风险
P0079,46,女,29.2,58.894747122806315,高风险,99.57326550640617,85.94369936796494,70.77207660350608,68.05347228272255,77.26202081346811,39.49324283072132,25.611252979564767,30.82243294235155,极高风险,极高风险,极高风险,极高风险,极高风险,中风险,低风险,中风险
P0080,27,男,23.7,53.86830010690388,高风险,45.775154381720306,65.02382063297206,31.62086129659071,61.71785268283072,84.9475035640188,53.795103560009984,49.559814238632384,53.98805558479909,高风险,极高风险,中风险,极高风险,极高风险,高风险,高风险,高风险
P0081,82,男,33.5,49.81304633358051,高风险,49.18944168627252,40.22097744667818,47.928814038576455,76.57476845747124,50.959141275074266,50.39703928135483,11.907574269832295,53.42006897848424,高风险,中风险,高风险,极高风险,高风险,高风险,低风险,高风险
P0082,71,女,31.0,50.66667449825684,高风险,37.76483626436079,59.730547936271606,46.57693642942934,30.545011668025495,52.00492600863754,56.53793375488392,78.25464828537534,54.839777469483984,中风险,高风险,高风险,中风险,高风险,高风险,极高风险,高风险
P0083,84,女,34.7,44.513452795596436,中风险,30.813910656747616,29.006280882310147,88.28527158704007,68.85702582819688,21.70505084812295,22.312534645949356,98.57763694686153,18.637549496930003,中风险,低风险,极高风险,极高风险,低风险,低风险,极高风险,低风险
P0084,64,男,24.2,38.50817972187435,中风险,54.58632888798486,1.857607096278151,38.66145698437788,38.27403983991497,18.91740974686694,46.14717167027838,45.548167922339715,41.647254232074474,高风险,低风险,中风险,中风险,低风险,高风险,高风险,中风险
P0085,69,男,32.2,46.72654826225644,高风险,48.16113381246844,32.04935335287207,36.95473575581326,45.549863803016315,93.92703958528429,17.09479146197857,1.3403338418785404,76.9185007976611,高风险,中风险,中风险,高风险,极高风险,低风险,低风险,极高风险
P0086,35,女,26.9,67.27018768183609,极高风险,84.17076795665,43.687747537887425,59.420441068051076,98.5198384918236,58.95778536153458,10.357509777645731,52.63213499901315,81.23569643291432,极高风险,中风险,高风险,极高风险,高风险,低风险,高风险,极高风险
P0087,67,男,32.6,58.59951192770917,高风险,50.58008014554355,90.77931314412425,82.500311584123,26.132860984356277,48.0037526829626,95.05157217743573,38.782274828395046,55.92414380267307,高风险,极高风险,极高风险,低风险,高风险,极高风险,中风险,高风险
P0088,52,男,22.9,42.70398745663335,中风险,47.48859722372339,68.7280216367449,51.15972750385975,6.096765341196573,17.582161496208702,64.06874749166343,32.9509257884355,48.385331020058246,高风险,极高风险,高风险,低风险,低风险,极高风险,中风险,高风险
P0089,34,男,18.9,53.078568009197525,高风险,37.413652099450104,27.0848178080988,49.60186963010363,93.81247469448611,42.978846219742096,73.5226288039669,50.113813871487146,44.85357467101735,中风险,低风险,高风险,极高风险,中风险,极高风险,高风险,中风险
P0090,47,女,24.3,47.383625157158555,高风险,45.443553056929105,61.96537563432512,38.66901778279983,94.31072410191467,50.42547735818594,25.654710978190096,5.883285605007532,42.727882861561724,高风险,极高风险,中风险,极高风险,高风险,低风险,低风险,中风险
P0091,30,男,33.8,43.17204034217374,中风险,40.42188630928744,50.570816318580086,44.779194105648614,17.126975714561404,50.79190770281413,17.616628751952533,63.73376973378682,57.320299049835604,中风险,高风险,中风险,低风险,高风险,低风险,极高风险,高风险
P0092,25,男,20.1,65.10043747659368,极高风险,91.70031879916073,1.7711398093956887,84.36553741977345,31.755689736030973,90.30341507761764,34.56156332836785,50.661820662167806,99.72343728185427,极高风险,低风险,极高风险,中风险,极高风险,中风险,高风险,极高风险
P0093,59,男,21.7,58.502194262245396,高风险,82.85763007102241,21.740139475707686,87.72905928565427,44.43029345636889,71.07451543504274,51.60490176970545,41.736547251574706,62.2968607324814,极高风险,低风险,极高风险,中风险,极高风险,高风险,中风险,极高风险
P0094,35,女,34.6,47.83668419223244,高风险,81.35173111346802,86.29951299402921,12.645842477632414,31.712453991430905,39.047719381340265,45.91459334249049,37.1065341295037,42.91208865226001,极高风险,极高风险,低风险,中风险,中风险,高风险,中风险,中风险
P0095,65,女,20.8,33.12697912472142,中风险,0.10295010439834829,22.188342738266467,43.3088738545234,64.94689220654088,80.7290572562826,32.10881779021759,89.24383450577743,2.5922521055516654,低风险,低风险,中风险,极高风险,极高风险,中风险,极高风险,低风险
P0096,26,女,25.4,59.33333771888986,高风险,46.822524522637664,16.7719735987612,40.192747317965456,39.817385078142635,79.20544457425464,46.53769659613951,70.60346691017479,99.86596243102393,高风险,低风险,中风险,中风险,极高风险,高风险,极高风险,极高风险
P0097,55,男,29.3,47.03819742656558,高风险,12.006029799536389,20.698705004626337,20.891072400872506,48.98914179050001,52.39718091998948,17.522406005021622,94.5302392491376,79.61928150437937,低风险,低风险,低风险,高风险,高风险,低风险,极高风险,极高风险
P0098,61,男,21.9,71.62370382990551,极高风险,71.48946385540918,67.54704277493522,14.937039436604305,95.31836327695791,54.62596980463068,54.316434292406804,57.37257403409663,97.81568886405846,极高风险,极高风险,低风险,极高风险,高风险,高风险,高风险,极高风险
P0099,80,女,19.6,38.69955829630793,中风险,49.724714284329025,42.88150154596981,7.012420957311366,32.30855290199067,37.69315114466171,52.22447499565133,63.16247754969233,31.927292625057603,高风险,中风险,低风险,中风险,中风险,高风险,极高风险,中风险
P0100,44,男,32.7,39.51170124462461,中风险,11.409702448439674,37.6012645933522,50.5803873320426,70.75577053104215,17.715392423574595,4.9449735550979,40.13942234639178,51.89802357534063,低风险,中风险,高风险,极高风险,低风险,低风险,中风险,高风险
